county,county_government,cities,special_districts,total,consolidated
Miami-Dade,-919041091,-385994935,-87580313,-1392616339,
Broward,-509101118,-537846157,-146275273,-1193222548,
Palm Beach,-647154344,-276571066,-146358287,-1070083697,
Hillsborough,-701924109,-148510135,-91577033,-942011277,
Orange,-565922580,-173976310,-41246126,-781145016,
Pinellas,-318329042,-168913487,-74118841,-561361370,
Lee,-253353519,-113706113,-86235952,-453295584,
Duval,0,-408728348,-7486046,-416214394,true
Polk,-259628635,-95398913,-10534052,-365561600,
Pasco,-336704997,-14409925,-13802069,-364916991,
Volusia,-201135513,-126530770,-27398184,-355064467,
St. Lucie,-145262558,-70574681,-65727337,-281564576,
Brevard,-146785511,-116112119,-9509826,-272407456,
Osceola,-212049403,-39291652,-6037788,-257378843,
Lake,-157622866,-71272940,-11945298,-240841104,
Seminole,-172294392,-53609329,-4149819,-230053540,
St. Johns,-191611200,-12269187,-10865275,-214745662,
Manatee,-169277060,-16967660,-26051926,-212296646,
Sarasota,-124907310,-41949937,-40007748,-206864995,
Collier,-134209317,-8604846,-60440443,-203254606,
Alachua,-116501174,-40162636,-19844429,-176508239,
Marion,-152193484,-15375985,-3319387,-170888856,
Charlotte,-116087156,-7285379,-3356405,-126728940,
Flagler,-78439761,-32806401,-5204777,-116450939,
Martin,-99185698,-5439017,-6399182,-111023897,
Leon,-81057944,-19697467,-178270,-100933681,
Indian River,-68358927,-10130508,-12897207,-91386642,
Sumter,-73604460,-12412136,-2682959,-88699555,
Escambia,-70023424,-8308269,-3748286,-82079979,
Clay,-74038875,-3858375,-1548229,-79445479,
Nassau,-67645052,-7450258,-1933366,-77028676,
Hernando,-73630707,-1512464,-1722361,-76865532,
Citrus,-61347692,-2046844,-4044378,-67438914,
Santa Rosa,-53011287,-1960724,-189218,-55161229,
Walton,-46880079,-4808256,-212706,-51901041,
Okaloosa,-33659830,-12300010,-141512,-46101352,
Bay,-35443810,-8413367,-365412,-44222589,
Monroe,-25504125,-7213360,-5818208,-38535693,
Highlands,-24274201,-2372999,-600840,-27248040,
Hendry,-9986097,-1748714,-4949922,-16684733,
Putnam,-14056747,-1259732,-259490,-15575969,
Columbia,-11973513,-662066,-430985,-13066564,
Levy,-11278388,-1383252,-394960,-13056600,
Wakulla,-12316456,-77103,-32272,-12425831,
Okeechobee,-10298125,-1061311,-696365,-12055801,
Suwannee,-10762288,-849127,-343904,-11955319,
Bradford,-9415556,-646146,-253889,-10315591,
DeSoto,-7848524,-849115,-152419,-8850058,
Gadsden,-6966931,-1317651,-16024,-8300606,
Gulf,-6516724,-1125813,-22593,-7665130,
Baker,-5987700,-750781,-850415,-7588896,
Gilchrist,-6672541,-311805,-199553,-7183899,
Washington,-4861216,-407327,-11838,-5280381,
Jackson,-4364292,-339503,-11371,-4715166,
Holmes,-4395832,-229012,-9587,-4634431,
Hardee,-3795164,-596180,-87739,-4479083,
Glades,-3728097,-97752,-279794,-4105643,
Franklin,-2746909,-942266,-229648,-3918823,
Madison,-3212745,-321679,-104110,-3638534,
Jefferson,-2881079,-370981,-26699,-3278759,
Taylor,-2730513,-447247,-93796,-3271556,
Dixie,-1979427,-55527,-40666,-2075620,
Hamilton,-1628236,-166484,-53254,-1847974,
Union,-1465158,-42866,-41200,-1549224,
Calhoun,-1347463,-28714,-2817,-1378994,
Lafayette,-1177646,-46835,-33115,-1257596,
Liberty,-932412,-90383,-2092,-1024887,
