county,recurring_reduction_usd,nonschool_levy_2025_usd,reduction_pct_of_2025_levy
Wakulla,12400000,20254292,61.2
Holmes,4600000,7642328,60.2
Bradford,10300000,17672362,58.3
Sumter,88700000,153291436,57.9
Lake,240800000,428201935,56.2
Pasco,364900000,662586118,55.1
Flagler,116500000,214035190,54.4
Hernando,76900000,152085236,50.6
Polk,365600000,733648564,49.8
Baker,7600000,15804090,48.1
Alachua,176500000,367338745,48.0
Santa Rosa,55200000,116120589,47.5
Gilchrist,7200000,15151418,47.5
St. Johns,214700000,455608550,47.1
Marion,170900000,363699802,47.0
Osceola,257400000,556844838,46.2
Volusia,355100000,799256329,44.4
Brevard,272400000,618267052,44.1
Clay,79400000,182668673,43.5
Nassau,77000000,180027067,42.8
Hillsborough,942000000,2245154855,42.0
St. Lucie,281600000,678393371,41.5
Citrus,67400000,162899162,41.4
Charlotte,126700000,316850435,40.0
Seminole,230100000,578830749,39.8
Suwannee,12000000,32251718,37.2
Washington,5300000,14339969,37.0
Levy,13100000,36444755,35.9
Lee,453300000,1297886045,34.9
Manatee,212300000,617630540,34.4
Indian River,91400000,267183162,34.2
Highlands,27200000,80202144,33.9
Union,1500000,4469008,33.6
Pinellas,561400000,1714576781,32.7
Jefferson,3300000,10140637,32.5
Gadsden,8300000,26860756,30.9
Lafayette,1300000,4246423,30.6
Duval,416200000,1360335285,30.6
Orange,781100000,2577387092,30.3
Columbia,13100000,44123820,29.7
Hendry,16700000,56284421,29.7
Leon,100900000,340370414,29.6
Okeechobee,12100000,41836992,28.9
DeSoto,8900000,30843514,28.9
Escambia,82100000,289727845,28.3
Sarasota,206900000,731666619,28.3
Gulf,7700000,27378615,28.1
Broward,1193200000,4260976714,28.0
Palm Beach,1070100000,3829968516,27.9
Madison,3600000,13111965,27.5
Glades,4100000,14958512,27.4
Liberty,1000000,3854240,25.9
Martin,111000000,427885538,25.9
Miami-Dade,1392600000,6082768180,22.9
Walton,51900000,227706489,22.8
Collier,203300000,916348620,22.2
Jackson,4700000,21417927,21.9
Okaloosa,46100000,212273538,21.7
Taylor,3300000,16880882,19.5
Calhoun,1400000,7194847,19.5
Bay,44200000,234808183,18.8
Putnam,15600000,83496087,18.7
Dixie,2100000,12080342,17.4
Hardee,4500000,26160551,17.2
Franklin,3900000,24380670,16.0
Monroe,38500000,264852034,14.5
Hamilton,1800000,12674086,14.2
