year,governor,governor_party,house_dem,house_gop,senate_dem,senate_gop
1980,Graham,D,89,31,29,11
1981,Graham,D,81,39,27,13
1982,Graham,D,81,39,27,13
1983,Graham,D,84,36,32,8
1984,Graham,D,84,36,32,8
1985,Graham,D,77,43,32,8
1986,Graham,D,77,43,32,8
1987,Martinez,R,75,45,25,15
1988,Martinez,R,75,45,25,15
1989,Martinez,R,73,47,23,17
1990,Martinez,R,73,47,23,17
1991,Chiles,D,74,46,23,17
1992,Chiles,D,74,46,23,17
1993,Chiles,D,71,49,20,20
1994,Chiles,D,71,49,20,20
1995,Chiles,D,63,57,19,21
1996,Chiles,D,63,57,19,21
1997,Chiles,D,59,61,17,23
1998,Chiles,D,59,61,17,23
1999,Bush,R,47,73,15,25
2000,Bush,R,47,73,15,25
2001,Bush,R,43,77,15,25
2002,Bush,R,43,77,15,25
2003,Bush,R,39,81,14,26
2004,Bush,R,39,81,14,26
2005,Bush,R,36,84,14,26
2006,Bush,R,36,84,14,26
2007,Crist,R,41,79,14,26
2008,Crist,R,41,79,14,26
2009,Crist,R,44,76,14,26
2010,Crist,R,44,76,14,26
2011,Scott,R,39,81,12,28
2012,Scott,R,39,81,12,28
2013,Scott,R,44,76,14,26
2014,Scott,R,44,76,14,26
2015,Scott,R,39,81,14,26
2016,Scott,R,39,81,14,26
2017,Scott,R,41,79,15,25
2018,Scott,R,41,79,15,25
2019,DeSantis,R,47,73,17,23
2020,DeSantis,R,47,73,17,23
2021,DeSantis,R,42,78,16,24
2022,DeSantis,R,42,78,16,24
2023,DeSantis,R,35,85,12,28
2024,DeSantis,R,35,85,12,28
2025,DeSantis,R,35,85,12,28
2026,DeSantis,R,35,85,12,28
